smiles,homolumogap,C_count,N_count,O_count,S_count,X_count,pi_bonds,Predicted_esm,Predicted_Exp
COc1ccc2c(c1)c1cc(OC)ccc1n2-c1ccc2c(c1)-c1cc(-n3c4ccc(OC)cc4c4cc(OC)ccc43)ccc1P2(=O)c1ccccc1,3.366869919,46,2,5,0,0,49,19.77624016,2.282297126
Fc1c(F)c(-n2c3ccccc3c3ccccc32)c(F)c(-n2c3ccccc3c3ccccc32)c1-c1nnc(-c2ccccc2)o1,3.580331412,38,4,1,0,3,47,19.77624016,2.651097126
Fc1c(F)c(-n2c3ccccc3c3ccccc32)c(F)c(F)c1/C=C/C(=C(c1ccccc1)c1ccccc1)c1ccccc1,3.451041667,40,1,0,0,4,41,19.77624016,2.558897126
Cc1ccc(-n2c(-c3ccc(C(F)(F)F)cc3)nc(-c3ccccc3O)c2-c2ccccc2O)cc1,3.95660828,29,2,2,0,3,29,19.77624016,3.065997126
CS,5.286702128,1,0,0,1,0,0,15.74230076,4.203507429
CCOC(=O)C1c2ccccc2C(=O)N1c1ccc(OC)cc1,4.390017668,18,1,4,0,0,14,17.09296184,3.47113255
N#Cc1ccc(N2c3c(sc4ccccc34)Sc3sc4ccccc4c32)cc1,4.020631068,23,2,0,3,0,27,11.90417899,3.043458802
Cc1ccc(-c2nc(-c3cccc(O)c3)[nH]c2-c2ccc(C)cc2)cc1,4.14125,23,2,1,0,0,23,19.77624016,3.342597126
COc1ccc(N(c2ccc(C=C(c3ccccc3)c3ccccc3)cc2)c2ccc(C=C(c3ccccc3)c3ccccc3)cc2)cc1,3.12940806,47,1,1,0,0,44,19.77624016,2.236197126
N#Cc1ccc(N)cc1,4.760312792,7,2,0,0,0,7,11.50128788,3.76574894
Cc1cc(=O)[nH]c(=O)[nH]1,4.853027344,5,2,2,0,0,8,12.21670135,3.885134651
Cc1cc(C)c([B-]2(c3c(C)cc(C)cc3C)[O+]=P(c3ccccc3)(c3ccccc3)c3cc(-c4ccccc4)sc3-c3sc(-c4ccccc4)cc32)c(C)c1,3.090485075,50,0,1,2,0,47,19.77624016,2.097897126
Clc1ccc(-c2nc3ccccc3n2-c2ccccc2)cc1,4.211440678,19,2,0,0,1,22,19.77624016,3.526997126
Cc1cc(-c2nc(-c3ccccc3)nc(-c3ccccc3)n2)ccc1N1c2ccccc2C2(c3ccccc3-c3ccccc32)c2ccccc21,3.151683337,47,4,0,0,0,48,19.77624016,2.236197126
N#Cc1c(N2CCCCC2)cc(-c2ccc3ccc4cccc5ccc2c3c45)c2c1Cc1ccccc1-2,3.611555233,35,2,0,0,0,32,19.77624016,2.789397126
C1=Cc2ccc(N(c3ccccc3)c3ccccc3)cc2Cc2cc(N(c3ccccc3)c3ccccc3)ccc21,3.35777027,39,2,0,0,0,37,19.77624016,2.604997126
Cc1cn(C(F)(F)F)c(=O)[nH]c1=O,4.872058824,6,2,2,0,3,8,13.93944222,3.904498804
Clc1ccc(N2c3sc4ccccc4c3Sc3sc4ccccc4c32)cc1,4.00766129,22,1,0,3,1,26,12.20041093,3.100815615
c1ccc2c(c1)-c1ccccc1C21c2ccccc2-c2ccncc21,4.046824104,24,1,0,0,0,24,17.85339667,3.223429073
C[Si](C)(C)C#C[Si](c1c2ccccc2cc2ccccc12)(c1c2ccccc2cc2ccccc12)c1c2ccccc2cc2ccccc12,3.075185644,47,0,0,0,0,49,19.77624016,2.236197126
O=C(c1ccc(N(c2ccccc2)c2ccccc2)cc1)[C@H]1[C@H](c2ccc(F)cc2)C[C@](O)(c2ccccn2)C[C@]1(O)c1ccccn1,3.30418883,41,3,3,0,1,37,19.77624016,2.512797126
Cc1cc(-n2c3ccccc3c3cc(C#N)ccc32)ccc1-c1ccc(S(=O)(=O)c2ccccc2)cc1C,3.643328446,33,2,2,1,0,36,19.77624016,2.881597126
c1ccc(N(c2ccccc2)c2ccc(-c3ncc(-c4ccc(-c5ccc(-c6cnc(-c7ccc(N(c8ccccc8)c8ccccc8)cc7)s6)s5)s4)s3)cc2)cc1,2.923235294,50,4,0,4,0,56,19.77624016,2.097897126
C(S/C=C/c1ccc(/C=C/SC=C(c2ccccc2)c2ccccc2)cc1)=C(c1ccccc1)c1ccccc1,3.394467213,38,0,0,2,0,34,19.77624016,2.651097126
Cc1c[nH]c(=O)[nH]c1=O,4.760057471,5,2,2,0,0,8,12.15949944,3.882960979
c1ccc(-c2ccc(-c3ccc(-c4ccccc4)cc3)cc2)cc1,4.00766129,24,0,0,0,0,24,16.38161283,3.167501288
Fc1cc(-c2ccc(-c3nc4ccccc4[nH]3)cc2)ccc1-c1ccc(-c2nc3ccccc3[nH]2)cc1,3.622084548,32,4,0,0,1,38,19.77624016,2.927697126
COc1ccc(-c2nc(-c3ccc(OC)cc3)n3ccccc23)cc1,4.100247525,21,2,2,0,0,22,19.77624016,3.434797126
CCCCn1c2ccc(/C=C(\C#N)c3ccc([N+](=O)[O-])cc3)cc2c2cc(Cn3c(-c4ccc5c(c4)c4ccccc4n5CCCC)nc4ccccc43)ccc21,3.037591687,49,6,2,0,0,49,19.77624016,2.143997126
N#Cc1cccc(-c2nc(-c3ccccc3)c(-c3ccccc3)[nH]2)c1,4.033685065,22,3,0,0,0,24,16.92161969,3.280221548
CC(C)(C)c1ccc(-c2nc(-c3ccc(C(C)(C)C)cc3)nc(-c3cc(C#N)c(-n4c5ccccc5c5c6oc7ccccc7c6ccc54)c(C#N)c3)n2)cc1,3.125624085,49,6,1,0,0,50,19.77624016,2.143997126
Cc1ccc2[nH]c(-c3ccc(-c4ccc(-c5ccc(-c6nc7cc(C)ccc7[nH]6)cc5)cc4)cc3)nc2c1,3.539529915,34,4,0,0,0,38,19.77624016,2.835497126
O=C(c1ccc(N(c2ccccc2)c2ccccc2)cc1)[C@H]1[C@H](c2cccs2)C[C@](O)(c2ccccn2)C[C@]1(O)c1ccccn1,3.339717742,39,3,3,1,0,36,19.77624016,2.604997126
Cn1c(-c2ccc(-c3nc(-c4ccccc4)c(-c4ccccc4)n3C)cc2)nc(-c2ccccc2)c1-c1ccccc1,3.403767123,38,4,0,0,0,40,19.77624016,2.651097126
C(=C/c1ncc(-c2ccc(OCc3ccccc3)c(OCc3ccccc3)c2)o1)\c1cccc(N2CCCC2)c1,3.519475921,35,2,3,0,0,30,19.77624016,2.789397126
COc1ccc(-c2cc(C)nc(-c3ccc(-n4c5ccccc5c5ccccc54)cc3)n2)cc1,3.643328446,30,3,1,0,0,33,19.77624016,3.019897126
CCCCN1C(=O)c2cccc3c(Oc4cc(CO)cc(Oc5ccc6c7c(cccc57)C(=O)N(CCCC)C6=O)c4)ccc(c23)C1=O,3.451041667,39,2,7,0,0,32,18.84049642,2.569438864
CN(C)c1cccc(/C=C/c2ncc(-c3ccc(OCc4ccccc4)c(OCc4ccccc4)c3)o2)c1,3.549642857,33,2,3,0,0,30,19.77624016,2.881597126
CCSSCC,4.9695,4,0,0,2,0,0,15.20163372,4.044662081
c1ccc2c([SiH](c3c4ccccc4cc4ccccc34)c3c4ccccc4cc4ccccc34)c3ccccc3cc2c1,3.09819202,42,0,0,0,0,48,19.77624016,2.466697126
COC(=O)c1nc2c(OCc3ccccc3)nc(N)nc2n1Cc1ccccc1,3.944047619,21,5,3,0,0,23,18.3627708,3.38108529
CC(C)(C)C1CCC(=CS/C=C/c2ccc(-c3ccc(/C=C/SC=C4CCC(C(C)(C)C)CC4)cc3)cc2)CC1,3.549642857,38,0,0,2,0,16,19.77624016,2.651097126
COc1ccc(-n2c(-c3ccc(-c4cncc5ccccc45)cc3)nc3c4ccccc4c4ccccc4c32)cc1,3.403767123,37,3,1,0,0,43,19.77624016,2.697197126
CCC1(CC)c2cc(B(c3c(C)cc(C)cc3C)c3c(C)cc(C)cc3C)ccc2-c2ccc(N(c3ccccc3)c3ccccc3)cc21,3.09819202,47,1,0,0,0,36,19.77624016,2.236197126
Cn1ccc(=O)n(C)c1=O,4.705965909,6,2,2,0,0,8,12.68627144,3.856878315
CCCCCCOc1ccc(-c2ccc(/C=C/c3cc(/C=C/c4ccc(-c5ccc(OCCCCCC)cc5)cc4)ncn3)cc2)cc1,3.330764075,44,2,2,0,0,32,19.77624016,2.374497126
CCCCCCCCCc1c2ccccc2cc2c1oc1c3oc4c5oc6cc7ccccc7cc6c5c5ccccc5c4c3c3ccccc3c21,2.958035714,49,0,3,0,0,53,19.77624016,2.143997126
C(=C1c2ccccc2-c2ccccc21)c1ccc(C=C2c3ccccc3-c3ccccc32)cc1,3.403767123,34,0,0,0,0,32,19.77624016,2.835497126
O=c1[nH]cc(F)c(=O)[nH]1,4.705965909,4,2,2,0,1,8,12.24392845,3.932269281
CC(C)(C)c1ccc2c(c1)c1cc(C(C)(C)C)cc3c1n2B1c2c-3cccc2-c2cc(C(C)(C)C)cc3c4cc(C(C)(C)C)ccc4n1c23,3.210271318,46,2,0,0,0,36,19.77624016,2.282297126
CCCCCCC(CCCC)Cn1c(=O)c2cc(C)sc2c2sc(-c3cc4c(OCC(CC)CCCC)c5sc(C)cc5c(OCC(CC)CCCC)c4s3)cc2c1=O,3.11,50,1,4,4,0,31,19.77624016,2.097897126
Cc1ccc(C#Cc2ccc3ccc(=O)oc3c2)cc1,4.086759868,18,0,2,0,0,19,15.12426818,3.396322191
COC(=O)c1c(-c2cc3ccccc3oc2=O)nn(-c2cccc(C)c2)c1C(=O)OC,3.834490741,23,2,6,0,0,25,19.77624016,3.342597126
CC1(C)c2ccccc2N(c2ccc(C(=O)/C=C(\O)c3ccc(N4c5ccccc5C(C)(C)c5ccccc54)cc3)cc2)c2ccccc21,3.060036946,45,2,2,0,0,38,19.77624016,2.328397126
COc1ccc(C2=C(c3ccc(OC)cc3)C(C)(C)c3ccc4ccccc4c32)cc1,3.697544643,29,0,2,0,0,24,19.77624016,3.065997126
Cc1ccc(C)c(C)c1,4.709843625,9,0,0,0,0,6,12.7883934,3.722458949
CCC1=C(C2=C(C3=C(CC)S(=O)(=O)c4cc(-c5ccc(C(C)=O)s5)ccc43)C(F)(F)C(F)(F)C2(F)F)c2ccc(-c3ccc(C(C)=O)s3)cc2S1(=O)=O,3.422520661,37,0,6,4,6,31,13.35641363,2.453243718
Fc1ccc(C#Cc2nc(C#Cc3ccc(F)cc3)c(C#Cc3ccc(F)cc3)c(C#Cc3ccc(F)cc3)c2C#Cc2ccc(F)cc2)cc1,3.052518428,45,1,0,0,5,41,19.77624016,2.328397126
c1ccc(N(c2ccccc2)c2ccc(-c3ncc(-c4ccc(-c5cnc(-c6ccc(N(c7ccccc7)c7ccccc7)cc6)s5)s4)s3)cc2)cc1,2.951009501,46,4,0,3,0,51,19.77624016,2.282297126
CCN=C=S,4.9695,3,1,0,1,0,2,13.17754477,4.013846701
c1ccc(-n2c(-c3ccccc3-n3c4ccccc4c4ccccc43)nc3ccccc32)cc1,3.529474432,31,3,0,0,0,37,19.77624016,2.973797126
C(#Cc1ccccc1)C(C#Cc1ccccc1)=Cc1c2ccccc2c(C=C(C#Cc2ccccc2)C#Cc2ccccc2)c2ccccc12,2.875868056,50,0,0,0,0,46,19.77624016,2.097897126
Oc1ccccc1-c1nc(-c2ccccc2)c(-c2ccccc2)[nH]1,3.931566456,21,2,1,0,0,23,16.27653813,3.301808449
CC(=O)c1ccc(-c2ccc3c(c2)C(=O)c2cc(-c4ccc(C(C)=O)cc4)ccc2-3)cc1,3.622084548,29,0,3,0,0,27,19.77624016,3.065997126
Cc1cc2c3ccccc3oc2c2[nH]c3ccccc3c12,3.95660828,19,1,1,0,0,24,13.63970694,3.293808864
CC(C)(C)c1ccc(-c2cc(-c3ccc(-c4cc(-c5ccc(C(C)(C)C)cc5)c(C(=O)N5CCOCC5)s4)s3)sc2C(=O)N2CCOCC2)cc1,3.295424403,42,2,4,3,0,29,19.77624016,2.466697126
Nc1nc(/C=C/c2ccc(N(c3ccccc3)c3ccccc3)cc2)cc(/C=C/c2ccc(N(c3ccccc3)c3ccccc3)cc2)n1,2.979316547,44,5,0,0,0,44,19.77624016,2.374497126
N#Cc1c(N2CCCCC2)cc(-c2ccc3ccccc3c2)c2c1C(=O)c1ccccc1-2,3.590679191,29,2,1,0,0,25,19.77624016,3.065997126
CCCCCCc1ccc(-n2c3c4cccc(OC)c4nnc3c3c2c2nnc4c(OC)cccc4c2n3-c2ccc(CCCCCC)cc2)cc1,3.16932398,44,6,2,0,0,41,19.77624016,2.374497126
[NH3+]C(Cc1ccc(O)c(O)c1)C(=O)[O-],4.46897482,9,1,4,0,0,7,12.9633258,3.72910638
N#Cc1ccc2cc[nH]c2c1,4.359210526,9,2,0,0,0,11,11.60000195,3.677300074
CN(C)c1ccc(-c2nc3c(c4c2-c2ccc(C#N)cc2CC4)-c2ccc(C#N)cc2CC3)cc1,3.570043103,31,4,0,0,0,26,19.77624016,2.973797126
CCCCCCN1C(=O)c2cccc3cc(/N=C\c4ccc(N(c5ccccc5)c5ccccc5)cc4)cc(c23)C1=O,3.269407895,37,3,2,0,0,32,19.77624016,2.697197126
CCCCCCN1C(=O)C(c2ccc(-n3c4ccccc4c4ccccc43)cc2)=C(c2ccc(-n3c4ccccc4c4ccccc43)cc2)C1=O,2.951009501,46,3,2,0,0,45,19.77624016,2.282297126
N=C(N)N,4.688207547,1,3,0,0,0,1,14.74895071,4.165760127
c1ccc(N(c2ccccc2)c2ccc(-c3nc4c5ccccc5c5ccccc5c4n3-c3ccccc3)cc2)cc1,3.1059375,39,3,0,0,0,44,19.77624016,2.604997126
CC(C)(C)c1ccc2c(c1)c1cc(C(C)(C)C)ccc1n2-c1nc2ccccc2nc1-n1c2ccc(C(C)(C)C)cc2c2cc(C(C)(C)C)ccc21,2.965095465,48,4,0,0,0,41,19.77624016,2.190097126
O=C(c1ccc(N2c3ccccc3Oc3ccccc32)cc1)c1cccc(C(=O)c2ccc(N3c4ccccc4Oc4ccccc43)cc2)c1,2.986478365,44,2,4,0,0,44,19.77624016,2.374497126
C[Si](C)(C)c1sc([Si](C)(C)C)c2c1sc1c2sc2sc3sc4c(sc5c([Si](C)(C)C)sc([Si](C)(C)C)c54)c3c21,3.742093373,28,0,0,7,0,29,15.9549558,2.96688832
Cc1ccc(C(=O)/N=c2\oc3cccc4c5c(-c6ccccc6)oc6cccc(c(c2-c2ccccc2)c34)c65)cc1,3.226948052,37,1,3,0,0,43,18.84049642,2.661638864
Cc1ccc(NC(=O)c2ccc(N(C)C)cc2)cc1,4.06004902,16,2,1,0,0,13,15.81430036,3.514743414
C1=C(c2ccccn2)[Si](c2ccccc2)(c2ccccc2)c2ccccc21,3.664823009,25,1,0,0,0,25,18.0938928,3.186467927
O=C1C=C(Nc2ccccc2)CCC1,4.211440678,12,1,1,0,0,8,12.34150374,3.567177142
CCOC(=O)c1c(-c2cc3cc4c(cc3oc2=O)OC(C)(C)CC4)nn(-c2ccccc2)c1C(=O)OCC,3.570043103,29,2,7,0,0,25,19.77624016,3.065997126
C/C(=C\c1ccc(C)cc1)c1nc2ccccc2o1,3.944047619,17,1,1,0,0,17,15.92480987,3.472842775
CC(C)(C)c1cccc2c(O)cccc12,4.197212838,14,0,1,0,0,11,13.34560249,3.513132895
COc1cc(C(=O)O)ccc1O,4.359210526,8,0,4,0,0,7,12.483417,3.756969846
BrC1=CC=CN2B1C=Cc1ccccc12,4.14125,12,1,0,0,1,9,13.80796166,3.622902543
CNC(=O)[C@H](C)NC(=O)c1cccc2c1C#Cc1c(NC(=O)[C@@H](NC(C)=O)C(C)C)cccc1OCCCO2,3.697544643,29,4,6,0,0,17,17.93570418,2.996056759
CCCCCCN1C(=O)c2cccc3c(-c4ccc(-c5cc(-c6ccc(Cl)cc6)nn5-c5ccccc5)s4)ccc(c23)C1=O,3.193766067,37,3,2,1,1,35,19.77624016,2.697197126
CN(C)c1ccc(/C=C/c2ccc(-c3cc(-c4ccccn4)nc(-c4ccccn4)c3)cc2)cc1,3.366869919,31,4,0,0,0,31,19.77624016,2.973797126
CCn1c2ccccc2c2cc(-c3cc(-c4ccc5c(c4)c4ccccc4n5CC)nc(S(C)(=O)=O)n3)ccc21,3.260826772,33,4,2,1,0,38,19.77624016,2.881597126
C/C(=C\c1ccc(C)cc1)c1nc2ccccc2s1,3.882421875,17,1,0,1,0,17,11.96352653,3.322314008
O=C1c2ccc(-c3ccc(N(c4ccccc4)c4ccccc4)cc3)cc2S(=O)(=O)c2cc(-c3ccc(N(c4ccccc4)c4ccccc4)cc3)ccc21,2.621044304,49,2,3,1,0,51,19.77624016,2.143997126
C1=C(c2ccccc2)C=C(c2ccccc2)/C1=C/c1ccc2c(c1)Cc1ccccc1-2,3.235351563,31,0,0,0,0,27,19.77624016,2.973797126
COc1ccc2c3c(c4ccc(OC)cc4c2c1)C1(c2ccccc2-c2ccccc21)c1ccccc1-3,3.218588083,35,0,2,0,0,34,19.77624016,2.789397126
Cn1nc(-c2ccccc2)c2n[nH]nc2c1=O,4.155100334,11,5,1,0,0,17,13.38093262,3.65277544
Cc1ccc(-c2c3nc(c(-c4ccco4)c4ccc([nH]4)c(-c4ccc(C)cc4)c4nc(c(-c5ccco5)c5ccc2[nH]5)C=C4)C=C3)cc1,2.916373239,42,4,2,0,0,46,19.77624016,2.466697126
Cc1ccc(-n2c(-c3cccc4cc[n-]c34)[nH+]c3c4ccccc4c4ccccc4c32)cc1,3.330764075,30,3,0,0,0,36,19.77624016,3.019897126
CC(C)(C)C1CCC(=CS/C=C/c2ccc(/C=C/SC=C3CCC(C(C)(C)C)CC3)cc2)CC1,3.539529915,32,0,0,2,0,10,19.77624016,2.927697126
Nc1ccccc1C(=O)O,4.284051724,7,1,2,0,0,7,12.09047728,3.788138136
Cc1ccc(-c2c3nc(c(-c4ccc(C)cc4)c4ccc(s4)c(-c4ccco4)c4nc(c(-c5ccc(C)cc5)c5ccc2s5)C=C4)C=C3)cc1,2.810803167,45,2,1,2,0,47,19.77624016,2.328397126
CC(C)(C)c1ccc2c(c1)-c1c3c(c4c5c1-c1cc(C(C)(C)C)ccc1OB5Oc1ccc(C(C)(C)C)cc1-4)-c1cc(C(C)(C)C)ccc1OB3O2,3.022810219,46,0,4,0,0,30,19.77624016,2.282297126
CC(C)c1cccc(C(C)C)c1N1C(=O)c2cccc3c(Oc4ccc(Cl)cc4)ccc(c23)C1=O,3.451041667,30,1,3,0,1,25,19.77624016,3.019897126
N#Cc1c(/C=C/c2ccc(N(c3ccccc3)c3ccccc3)cc2)cc(-c2cccs2)cc1N1CCCCC1,3.075185644,36,3,0,1,0,31,19.77624016,2.743297126
COc1cc(/C=C/CO)ccc1O,4.211440678,10,0,3,0,0,7,13.35239391,3.697790969
Cc1cc2c3ccccc3n(C)c2c2c1c1ccccc1n2C,3.776215805,21,2,0,0,0,24,17.18153054,3.336198161
COc1ccc(OC)cc1,4.34085825,8,0,2,0,0,6,12.57030707,3.760271669
CC1(C)c2ccccc2N(c2cc[n+]3c(c2)-c2ccccc2O[B-]3(F)F)c2ccccc21,3.470321229,26,2,1,0,2,24,14.91393433,3.019529504
Cc1c(COC(=O)Cc2cccc3ccccc23)n2c(OCC(=O)Cc3cccc4ccccc34)c(C)c(=O)n2c1=O,3.278034301,34,2,6,0,0,35,19.77624016,2.835497126
COc1cc2c(cc1-c1ccccc1)Cc1c3c(c4c(c1-2)-c1cc(OC)c(-c2ccccc2)cc1C4)C(=O)N(CCC(C)C)C3=O,3.067592593,41,1,4,0,0,32,19.77624016,2.512797126
O=C(c1ccncc1)c1cc(-n2c3ccccc3c3ccccc32)ccc1-n1c2ccccc2c2ccccc21,3.1059375,36,3,1,0,0,43,19.77624016,2.743297126
CC(C)c1cccc(C(C)C)c1N1C(=O)c2cccc3c(Oc4ccccc4)ccc(c23)C1=O,3.413118132,30,1,3,0,0,25,19.77624016,3.019897126
c1ccc(N(c2ccccc2)c2ccc(-c3cccc4nc5ccccc5cc34)cc2)cc1,3.218588083,31,2,0,0,0,34,19.77624016,2.973797126
CC(C)=N[O-],4.688207547,3,1,1,0,0,1,14.79536343,4.07532381
O=C1CC(=O)Nc2cc(Cl)ccc2N1,4.169043624,9,2,2,0,1,8,12.40067045,3.707725477
c1ccc2[nH]ncc2c1,4.225765306,7,2,0,0,0,10,11.85571007,3.779216983
Cc1cc(-c2ccc(C(C)(C)C)cc2)c2nsnc2c1-c1ccc(N(c2ccccc2)c2ccccc2)cc1,3.090485075,35,3,0,1,0,34,19.77624016,2.789397126
COc1ccc(/C=C/c2cc(/C=C/c3ccc(OC)cc3)nc(/C=C/c3ccc(C(F)(F)F)cc3)n2)cc1,3.35777027,31,2,2,0,3,27,19.77624016,2.973797126
CCCCCCCCCCCCCCCCCCN1C(=O)c2cccc3c(OCCN(C)C)ccc(c23)C1=O,3.413118132,34,2,3,0,0,13,19.77624016,2.835497126
c1cc2sc3ccsc3c2s1,4.269329897,8,0,0,3,0,13,11.24607562,3.709950873
Cc1ccc(C(=O)[O-])c(O)c1,4.211440678,8,0,3,0,0,7,12.7883934,3.768558949
O=C1CC(=O)Nc2cc(Br)ccc2N1,4.155100334,9,2,2,0,1,8,13.06434319,3.732945041
CI,4.796814672,1,0,0,0,1,0,19.77624016,4.356797126
Nc1cc[nH]c(=S)n1,4.343968531,4,3,0,1,0,7,11.51816022,3.904690088
Nc1ncc2nc[nH]c2n1,4.284051724,5,5,0,0,0,10,12.03851905,3.878363724
COC(=O)c1nc(Br)c(-c2ccccc2)o1,4.046824104,11,1,3,0,1,12,13.15733704,3.644278807
C[Si](C)(C)C#Cc1cccc2ccccc12,3.931566456,15,0,0,0,0,12,12.54527591,3.436620485
C(#Cc1nc(C#Cc2cccs2)c(C#Cc2cccs2)c(C#Cc2cccs2)c1C#Cc1cccs1)c1cccs1,3.022810219,35,1,0,5,0,36,19.77624016,2.789397126
Clc1ccc(/C=C/c2ccncn2)cc1,4.00766129,12,2,0,0,1,13,12.05965935,3.556467055
OC1(c2ccc(-c3cccs3)s2)CCC1,4.033685065,12,0,1,2,0,10,12.32964117,3.566726364
COC(=O)/C(C#N)=C/c1cn(-c2ccccc2)nc1-c1ccc([N+](=O)[O-])cc1,3.580331412,20,4,4,0,0,21,18.65501342,3.43829051
COC(=O)c1ccc(-c2cc3ccc4cccc5ccc(c2)c3c45)cc1,3.413118132,24,0,2,0,0,26,18.84049642,3.260938864
CCCCCC(=O)c1cccc2sc3c(c12)P(=O)(c1ccccc1)c1ccccc1-3,3.460654596,26,0,2,1,0,24,13.10312919,2.950718909
O=C([O-])c1ccccc1O,4.197212838,7,0,3,0,0,7,12.29658113,3.795970083
COc1cc2c(cc1-c1ccc(N(C)C)cc1)Cc1c3c(c4c(c1-2)-c1cc(OC)c(-c2ccc(N(C)C)cc2)cc1C4)C(=O)N(CCC(C)C)C3=O,2.823579545,45,3,4,0,0,32,19.77624016,2.328397126
CC(=O)Nc1cc2ccc3cccc4ccc(c1)c2c34,3.697544643,18,1,1,0,0,20,13.17765403,3.322350853
[NH3+]c1cc([NH3+])cc(-c2nc3ccccc3s2)c1,3.944047619,13,3,0,1,0,16,11.76009447,3.49898359
Cc1ccc(-c2c3ccc([nH]3)c3nc(c(-c4ccc([N+](=O)[O-])cc4)c4ccc([nH]4)c4ccc([nH]4)c(-c4ccc(C)cc4)c4ccc2o4)C=C3)cc1,2.773158482,43,5,3,0,0,50,19.77624016,2.420597126
CCCCCCCCCCc1cc(-c2cc(CCCCCCCCCC)c(-c3cccs3)s2)sc1-c1cccs1,3.269407895,36,0,0,4,0,20,19.77624016,2.743297126
Cc1cc(C#Cc2ccccc2)c2ccc3c(C#Cc4ccccc4)cc(C#Cc4ccccc4)c4ccc1c2c43,2.791853933,41,0,0,0,0,40,19.77624016,2.512797126
N#Cc1cccc2[nH]ccc12,4.073360656,9,2,0,0,0,11,11.89035013,3.688333305
O=C1Nc2ccccc2/C1=C/C(=O)c1ccc(Cl)cc1,3.719685629,16,1,2,0,1,15,12.63985589,3.394114524
C(=C/c1nc2ccccc2s1)\c1ccc(-c2nc3c4cccnc4c4ncccc4c3[nH]2)cc1,3.218588083,28,5,0,1,0,37,19.77624016,3.112097126
C(=N/c1ccc(-c2cn3nc(-c4cccs4)sc3n2)cc1)\c1ccc2ccc3cccc4ccc1c2c34,3.082816377,31,4,0,2,0,40,19.77624016,2.973797126
CN(C)c1ccc(C#Cc2cc3ccc4cc(C#Cc5ccc(N(C)C)cc5)cc5ccc(c2)c3c45)cc1,2.951009501,36,2,0,0,0,33,19.77624016,2.743297126
CC(C)c1cc(C(C)C)c(B2c3ccccc3Oc3cc(N4c5ccccc5C(C)(C)c5ccccc54)ccc32)c(C(C)C)c1,2.849483945,42,1,1,0,0,30,19.77624016,2.466697126
CCCCCCCCCCOc1cc2cc(C#Cc3ccc(/C=C(\C#N)C(=O)O)cc3)c(=O)oc2cc1OCCCCCCCCCC,3.121545226,41,1,6,0,0,22,19.77624016,2.512797126
Cc1cc(C)c(B(c2ccccc2N(c2ccccc2)c2ccccc2)c2c(C)cc(C)cc2C)c(C)c1,2.993674699,36,1,0,0,0,30,19.77624016,2.743297126
Cc1ccc2cc(C)ccc2c1,4.009144125,12,0,0,0,0,11,12.79216548,3.584302288
Cc1cscc1-c1cc2c3cc(-c4cscc4C)c4nc(C(F)(F)C(F)(F)C(F)(F)F)nc5c(-c6cscc6C)cc(c6cc(-c7cscc7C)c7nc(C(F)(F)C(F)(F)C(F)(F)F)nc1c7c26)c3c45,2.520030426,48,4,0,4,14,52,19.77624016,2.190097126
Nc1ccc(/C=C/c2ccc3ccccc3c2)cc1,3.632675439,18,1,0,0,0,18,15.95949975,3.428060991
CCOC(=O)c1c(N)sc(N)c1C(=O)OCC,4.073360656,10,2,4,1,0,7,12.48510826,3.664834114
COc1ccc(-c2cc(-c3ccc(N(C)C)cc3)nc(-c3ccccc3)n2)cc1,3.403767123,25,3,1,0,0,24,19.77624016,3.250397126
c1ccc(N(c2ccccc2)c2ccc(-c3ccc(-c4ccc(N(c5ccccc5)c5ccccc5)cc4)c4nsnc34)cc2)cc1,2.706699346,42,4,0,1,0,46,19.77624016,2.466697126
Cc1ccc(-c2c3nc(c(-c4ccco4)c4ccc([nH]4)c(-c4ccco4)c4nc(c(-c5ccco5)c5ccc2s5)C=C4)C=C3)cc1,2.810803167,39,3,3,1,0,45,19.77624016,2.604997126
O=c1c2cc(C#Cc3ccccc3)ccc2nc2ccc(C#Cc3ccccc3)cn12,3.260826772,28,2,1,0,0,31,19.77624016,3.112097126
Fc1nc(F)c(F)c(C#Cc2cc3c(cc2C#Cc2c(F)c(F)nc(F)c2F)OC2(CCCCC2)O3)c1F,3.451041667,26,2,2,0,8,20,19.77624016,3.204297126
CC1=NN(c2ccccc2)C(=O)/C1=C/c1cn(-c2ccccc2)nc1-c1ccccc1,3.366869919,26,4,1,0,0,26,19.77624016,3.204297126
Nc1cccc2ccccc12,3.985538999,10,1,0,0,0,11,11.89377773,3.642363554
C[Si]1(C)C(c2ccccc2)=Cc2ccccc21,3.730855856,16,0,0,0,0,13,12.67321094,3.395382016
C(#Cc1nc2ccccc2s1)c1ccc(N(c2ccccc2)c2ccccc2)cc1,3.201997423,27,2,0,1,0,29,19.77624016,3.158197126
CCn1c2ccccc2c2cc(/C=C/c3cccc(/C=C/c4ccc5c(c4)c4ccccc4n5CC)[n+]3CCCS(=O)(=O)[O-])ccc21,2.742549669,40,3,3,1,0,40,19.77624016,2.558897126
COc1ccc(/C=C/c2ccc(/C=C/c3cc[n+]4ccc(/C=C/c5ccc(/C=C/c6ccc(OC)cc6)cc5)cc4c3)cc2)cc1,2.683315335,43,1,2,0,0,39,19.77624016,2.420597126
Brc1cnc(-c2ccncc2)s1,4.06004902,8,2,0,1,1,11,12.63941718,3.762897853
COc1ccc(C2C3=C(CCCC3=O)Nc3c2c(=O)oc2ccccc32)cc1,3.441481994,23,1,4,0,0,20,18.84049642,3.307038864
C[Si](C)(c1c2ccccc2cc2ccccc12)[Si](C)(C)c1c2ccccc2cc2ccccc12,3.128194683,32,0,0,0,0,32,15.13290609,2.751250431
Cc1ccccc1Oc1ccc2c3c(cccc13)C(=O)N(CCO)C2=O,3.499647887,21,1,4,0,0,19,15.75264664,3.281900572
c1csc(-c2cccs2)c1,4.086759868,8,0,0,2,0,10,11.59037608,3.723034291
Oc1ccc2ccccc2c1/C=N/c1cc2nc3ccccc3nc2cc1/N=C/c1c(O)ccc2ccccc12,2.958035714,34,4,2,0,0,40,19.77624016,2.835497126
O=C1CC(=O)Nc2cc([N+](=O)[O-])ccc2N1,3.981971154,9,3,4,0,0,9,12.70827483,3.719414444
N#CC(C#N)=C(/C=C/c1cn(-c2ccccc2)nc1-c1ccc([N+](=O)[O-])cc1)c1ccccc1,3.137310606,27,5,2,0,0,28,19.77624016,3.158197126
Clc1ccc2c(c1)Nc1ccccc1S2,3.846362229,12,1,0,1,1,12,11.43907664,3.532884912
N#Cc1coc2ccccc2c1=O,3.95660828,10,1,2,0,0,13,11.95080411,3.644530556
Cc1cc(C)nc(N)n1,4.183080808,6,3,0,0,0,6,12.74473782,3.859100037
CC(C)(C)[N+](=O)[O-],4.501358696,4,1,2,0,0,1,16.30019884,4.086407556
N#Cc1cccc(N)c1,4.018153789,7,2,0,0,0,7,11.72085034,3.774092313
CCCCCCC(CCCC)Cn1c(=O)c2cc(-c3cc4c(OCC(CC)CCCC)c5sc(C)cc5c(OCC(CC)CCCC)c4s3)sc2c2sc(C)cc21,2.59,49,1,3,4,0,29,19.77624016,2.143997126
FC(F)(F)c1ccc(-c2pc3ccccc3s2)cc1,3.753398792,14,0,0,1,3,16,11.62329872,3.447685351
CCOC(=O)c1cccc(N)c1,3.943439907,9,1,2,0,0,7,12.61150975,3.71573737
c1ccc(-c2nc(-c3ccccn3)sc2N(c2ccccc2)c2ccccc2)cc1,3.201997423,26,3,0,1,0,29,19.77624016,3.204297126
CCOC(=O)c1cc(C(=O)OCC)c2cc(C)ccc2n1,3.764772727,16,1,4,0,0,13,14.91326822,3.480504192
C#Cc1ccc2c(C)cc(=O)oc2c1,3.822692308,12,0,2,0,0,13,12.58227168,3.576326324
Cc1ccc(N(c2ccc(C)cc2)c2c([O-])c(=[N+](c3ccc(C)cc3)c3ccc(C)cc3)c2=O)cc1,2.993674699,32,2,2,0,0,30,19.77624016,2.927697126
O=C(O)c1ccccc1-c1nc(-c2ccccc2)c2ccccn12,3.480042017,20,2,2,0,0,23,18.16938445,3.419836609
COc1ccc(-c2cc3c(ccc4sc(/C=C/c5cccs5)cc43)s2)cc1,3.30418883,23,0,1,3,0,26,12.49735054,3.06599932
COc1ccc2cc([C@H](C)C(=O)O)ccc2c1,3.751132246,14,0,3,0,0,12,13.15109098,3.505741457
COc1ccc2c3c([nH]c2c1)C(C)=NCC3,3.764772727,13,2,1,0,0,11,13.98531519,3.583541977
N#CC(C#N)=C(/C=C/c1cn(-c2ccccc2)nc1-c1ccccc1)c1ccccc1,3.067592593,27,4,0,0,0,27,19.77624016,3.158197126
N#Cc1ccccc1N,3.95660828,7,2,0,0,0,7,11.86574977,3.779598491
O=C(N/N=C/c1ccccc1O)c1ccccc1O,3.719685629,14,2,3,0,0,14,12.7883934,3.491958949
CN(C)c1ccc(/C=C/C=C/c2ccc3ncnc(Nc4ccccc4)c3c2)cc1,3.082816377,26,4,0,0,0,25,19.77624016,3.204297126
COc1ccc2c(c1)c1ccccc1n2-c1nc2ccccc2nc1-n1c2ccccc2c2cc(OC)ccc21,2.937056738,34,4,2,0,0,41,19.77624016,2.835497126
COc1ccc(C#Cc2nc3ccccc3nc2-c2ccn(-c3ccccc3)c2)cc1,3.161259542,27,3,1,0,0,29,19.77624016,3.158197126
N#CC1=C(N)n2c(=O)c3ccccc3c(=O)n2C1c1cccs1,3.509533898,16,4,2,1,0,20,11.77763436,3.361350106
CCN(CC)c1ccc2c(c1)oc(=O)c1cc3cnn(-c4ccccc4)c3nc12,3.278034301,23,4,2,0,0,27,19.77624016,3.342597126
CCCCCCc1ccc2c3c(ccc2c1)O[B-](F)(F)[N+](c1ccc([N+]2=Cc4c(ccc5cc(CCCCCC)ccc45)O[B-]2(F)F)cc1)=C3,2.849483945,40,2,2,0,4,30,19.77624016,2.558897126
c1ccc(Nc2ccc3ccccc3n2)cc1,3.570043103,15,2,0,0,0,17,14.48133288,3.510190649
N#Cc1cnc(-c2c3ccccc3c(-c3ccccc3)c3ccccc23)nc1,3.153236041,25,3,0,0,0,29,19.77624016,3.250397126
COc1ccc(O)c(-c2nc(C)c3n2CCCC3)c1,3.742093373,15,2,2,0,0,11,15.78630337,3.559779528
Oc1ccc2ccccc2c1,3.787728659,10,0,1,0,0,11,12.16011303,3.652484295
C[Si](C)(C)[Si](c1ccc(-c2ccc(-c3ccc([Si]([Si](C)(C)C)([Si](C)(C)C)[Si](C)(C)C)s3)s2)s1)([Si](C)(C)C)[Si](C)(C)C,3.153236041,30,0,0,3,0,15,19.77624016,3.019897126
CN(C)c1ccc(-c2nc3nccnc3n2-c2ccccc2)cc1,3.348719677,19,5,0,0,0,22,19.77624016,3.526997126
COC(=O)c1nc2c(N(C)C)nc(N(C)C)nc2n1Cc1ccccc1,3.539529915,18,6,2,0,0,17,15.44256608,3.408417511
OCc1cc(/N=N/c2ccc(-c3ccc4ccccc4c3)cc2F)ccc1O,3.16932398,23,2,2,0,1,24,18.03773022,3.276533748
Cc1cc(C)c(B2c3cc(C(C)(C)C)cc4ccc5ccc6cc(C(C)(C)C)cc2c6c5c34)c(C)c1,2.909543326,35,0,0,0,0,27,19.77624016,2.789397126
c1ccc(-c2nn(-c3ccccc3)c3nc4ccc(N(c5ccccc5)c5ccccc5)cc4cc23)cc1,2.7481335,34,4,0,0,0,39,19.77624016,2.835497126
COc1ccc2ncccc2c1,3.753398792,10,1,1,0,0,11,12.13018137,3.651346892
Oc1ccc(-c2cccs2)cc1-c1nc2ccccc2s1,3.441481994,17,1,1,2,0,21,12.28660583,3.334591022
O=c1ccc2cc3c(cc2o1)OCC3,3.697544643,11,0,3,0,0,12,12.678804,3.626094552
O=c1oc2cc3c(cc2cc1/C=C/c1ccccc1)OCO3,3.366869919,18,0,4,0,0,19,14.86710965,3.386550167
Nc1ccc2[nH]ncc2c1,3.810966258,7,3,0,0,0,10,11.69123488,3.772966925
Cc1cnc(NC(=O)C2=C(O)c3ccccc3S(=O)(=O)N2C)s1,3.549642857,14,3,4,2,0,15,12.4799058,3.48023642
CN(C)c1cc(F)c(C(=O)c2cc(F)c(N(C)C)cc2F)cc1F,3.470321229,17,2,1,0,4,13,14.91960463,3.434644976
N#CC(C#N)=Cc1ccc(-c2ccc(-c3nc4ccccc4s3)c(O)c2)o1,3.153236041,21,3,2,1,0,24,17.74487486,3.357605245
Cc1ccc(-c2ccc(/C=C/c3cccn3C)cn2)nc1,3.339717742,18,3,0,0,0,18,18.84049642,3.537538864
COc1ccc(-c2nc(N)nc(C#N)c2C#N)cc1OC,3.580331412,14,5,2,0,0,14,15.92832891,3.611276498
CCOC(=O)C1(O)c2cc3ccc4cccc5ccc(c2C(=O)N1C(C)(C)C)c3c45,3.226948052,25,1,4,0,0,21,19.77624016,3.250397126
CC1=C(c2ccc(N(c3ccccc3)c3ccccc3)cc2)C(C)=[N+]2C1=C(c1c(-c3ccccn3)nc3ccccn13)c1c(C)cc(C)n1[B-]2(F)F,2.313547486,43,6,0,0,2,42,19.77624016,2.420597126
CN1C(C(=O)Nc2ccccn2)=C(O)c2sccc2S1(=O)=O,3.549642857,13,3,4,2,0,15,12.32835048,3.520577318
Clc1ncc(-c2c3ccccc3c(-c3cnc(Cl)nc3)c3ccccc23)cn1,3.137310606,22,4,0,0,2,28,19.77624016,3.388697126
c1ccc2c(c1)nc1ccccn12,3.611555233,11,2,0,0,0,15,11.26594519,3.572405917
COc1ccc(/C=C/C(=O)c2ccccc2O)cc1OC,3.403767123,17,0,4,0,0,14,14.4795368,3.417922399
CC(C)(C)NC(=O)c1cc2ccc3cccc4ccc(c1C(=O)NC(C)(C)C)c2c34,3.226948052,26,2,2,0,0,21,19.77624016,3.204297126
O=C1c2ccccc2-c2ccc(N3CCN(c4ccccc4)CC3)c3cccc1c23,2.937056738,27,2,1,0,0,24,19.77624016,3.158197126
CC1(C)C(=O)C=Cc2ccc(O)cc21,3.643328446,12,0,2,0,0,8,12.26484425,3.564264082
Nc1ccc(O)c(C(=O)[O-])c1,3.753398792,7,1,3,0,0,7,12.26675112,3.794836543
COc1cccc2c1oc(=O)c1c(=O)oc3cc(O)ccc3c12,3.403767123,17,0,6,0,0,23,12.56931316,3.3453339
CNc1ccc(/C=C/C(=O)OC)cc1,3.577444713,11,1,2,0,0,8,11.94080063,3.598050424
CC1=N/C(=C\c2ccncc2)C(=O)N1C,3.580331412,11,3,1,0,0,9,11.45849188,3.579722692
CCN(CC)c1ccc2c(c1)oc(=O)c1c(C)nc3c(cnn3-c3ccccc3)c12,3.082816377,24,4,2,0,0,27,19.77624016,3.296497126
CS(=O)(=O)c1ccc(-c2cc3ccc(N)cc3c(=O)o2)cc1,3.385217984,16,1,4,1,0,20,11.97370734,3.368800879
O=C1c2ccccc2C2=Nc3cccc[n+]3[B-](F)(F)N12,3.441481994,13,3,1,0,2,14,12.18916263,3.51528818
CC(C)[Si](C#Cc1c2ccccc2c(C#C[Si](C(C)C)(C(C)C)C(C)C)c2nc3c4ccccc4c(=O)c4ccccc4c3nc12)(C(C)C)C(C)C,2.440815324,47,2,1,0,0,35,19.77624016,2.236197126
O=[N+]([O-])c1cccc(O)c1,3.787728659,6,1,3,0,0,7,11.93886204,3.828476757
CC(=O)c1ccn2c3c(c(-c4ccc(C(F)(F)F)cc4)c2c1)CN(CCCNC(=O)OC(C)(C)C)C3=O,3.067592593,27,3,4,0,3,19,18.16938445,3.097136609
CCN(CC)c1ccc2c(c1)oc(=O)c1c(=O)oc3c(C)c4oc(=O)c5c(=O)oc6cc(N(CC)CC)ccc6c5c4cc3c12,2.71260917,35,2,8,0,0,40,19.77624016,2.789397126
O=C(O)c1ccccc1Nc1ccccc1,3.441481994,13,1,2,0,0,13,12.73584086,3.536061953
CC1=[N+]2C(=C(c3ccc(N(c4ccccc4)c4ccccc4)cc3)c3ccc(C)n3[B-]2(F)F)C=C1c1cc2n(c1)[B-](F)(F)[N+]1=CC=CC1=C2c1c(C)cc(C)cc1C,2.095067454,47,5,0,0,4,40,19.77624016,2.236197126
CCCCCCc1cc(C)sc1-c1nc2sc(-c3sc(-c4cc5c(s4)-c4sc(C)cc4[Si]5(CC(CC)CCCC)CC(CC)CCCC)cc3CCCCCC)nc2s1,2.25,50,2,0,6,0,29,19.77624016,2.097897126
O=S(=O)([O-])c1ccc2c([O-])cc(S(=O)(=O)[O-])cc2c1,3.549642857,10,0,7,2,0,15,12.18117237,3.65328455
COC(=O)CN1C(=O)c2cc3ccc(N(C)C)cc3cc2C1=O,3.330764075,17,2,4,0,0,14,13.88778548,3.395435848
F[B-]1(F)OC(c2ccc3c(c2)Cc2ccccc2-3)=CC(c2ccccc2)=[O+]1,3.015473301,22,0,2,0,2,20,13.15350789,3.1370333
COc1ccc(C(=O)NN2C3=C(CC4=C2CCCC4=O)C(=O)CCC3)cc1,3.30418883,21,2,4,0,0,11,17.67953685,3.3551224
CCC(CC)n1c2ccccc2c2cc3c(cc21)c1ccccc1n3C(CC)CC,2.965095465,28,2,0,0,0,24,19.77624016,3.112097126
COC(=O)c1ccc(/C=C2\C=C(c3ccc(C#N)cc3)OC2=O)cc1,3.075185644,20,1,4,0,0,17,17.69747197,3.401903935
O=C1c2ccc3c4c(-c5ccccc5)cc5c6c(ccc(c7c(-c8ccccc8)cc(c2c37)C(=O)N1C1CCCCC1)c64)C(=O)N(C1CCCCC1)C5=O,2.23448741,48,2,4,0,0,40,19.77624016,2.190097126
COc1cc(/C=C2\C=C(c3ccccc3)C=C2c2ccccc2)cc(OC)c1,2.849483945,26,0,2,0,0,21,19.77624016,3.204297126
C(/C=C/Nc1ccccc1)=[NH+]c1ccccc1,3.260826772,15,2,0,0,0,14,15.4973965,3.548801067
COc1ccc(/C=C/c2cc[n+]3ccc(/C=C/c4ccc(OC)cc4)cc3c2)cc1,2.798141892,27,1,2,0,0,25,19.77624016,3.158197126
CN(C)c1ccc(/C=C/C=C/c2ccc(C#N)cc2)cc1,3.1059375,19,2,0,0,0,15,17.07934994,3.424515298
CN(C)c1ccc(/C=C/C(=O)O)cc1,3.470321229,11,1,2,0,0,8,12.1295764,3.605223903
CC(C)(C)OC(=O)NCCCC(=O)OCc1ccc2c3cccc4cccc(c5cccc1c52)c43,2.83001139,30,1,4,0,0,26,19.77624016,3.019897126
C(#Cc1cccs1)C(C#Cc1cccs1)=Cc1ccc(C=C(C#Cc2cccs2)C#Cc2cccs2)s1,2.55632716,32,0,0,5,0,31,19.77624016,2.927697126
CC(=O)c1cc2c(cc1F)NC(C)(C)CC2=O,3.529474432,13,1,2,0,1,8,12.74581389,3.536440928
Cc1cc(C)c(-c2c3ccccc3c3ccc4cc5c(-c6c(C)cc(C)cc6C)c6ccccc6c6ccc7cc2c3c4c7c56)c(C)c1,2.046746293,48,0,0,0,0,49,19.77624016,2.190097126
COc1ccc(-c2nc3ccccc3oc2=O)cc1,3.339717742,15,1,3,0,0,18,13.78069325,3.483566344
COc1ccc(-c2cc3c(s2)c(C(C)=O)cc(=O)n3Cc2ccccc2)cc1,2.916373239,23,1,3,1,0,24,17.1963686,3.244562007
O=S(=O)(/N=c1\oc2cccc3c4c(-c5ccccc5)oc5cccc(c(c1-c1ccccc1)c23)c54)C(F)(F)F,2.700815217,30,1,4,1,3,38,13.15888507,2.768437633
CCOC(=O)c1cc(C(=O)OCC)c2cccc(OC)c2n1,3.376019022,16,1,5,0,0,13,14.9377909,3.481436054
c1ccc2cc3cnccc3cc2c1,3.348200625,13,1,0,0,0,16,11.83081865,3.501671109
COc1c2ccccc2c(OC)c2c1c1ccc(F)cc1n2C,3.145253165,19,1,2,0,1,20,13.70601082,3.296328411
O=C1c2ccc3c4ccc5c6c(ccc(c7ccc(c2c37)C(=O)N1c1ccc(O)cc1)c64)C(=O)N(c1ccc(O)cc1)C5=O,2.380028736,36,2,6,0,0,40,19.77624016,2.743297126
Cc1ccc(CN(Cc2ccc(C)cc2)c2nc(C#N)c(N(Cc3ccc(C)cc3)Cc3ccc(C)cc3)nc2C#N)cc1,2.504788306,38,6,0,0,0,32,19.77624016,2.651097126
CCOC(=O)CSc1nc2c(c(C#N)c1C#N)CCCC2,3.413118132,15,3,2,1,0,9,13.1448914,3.459405873
CCCCN1c2ccccc2Sc2cc(/C=C/c3nc4nc5ccccc5nc4s3)ccc21,2.736508811,27,4,0,2,0,28,19.77624016,3.158197126
COC(=O)/C=C/C=C/c1ccc(N(C)C)cc1,3.313,14,1,2,0,0,9,12.76719807,3.491153527
c1cc2c3cscc3c3ccsc3c2s1,3.451041667,12,0,0,3,0,18,11.3341507,3.528897726
COc1ccc(-c2csc(/C(C#N)=N\Nc3ccc(C#N)cc3)n2)cc1,3.067592593,19,5,1,1,0,20,17.05109066,3.423441445
Cc1cccc(C2=Cc3c4ccccc4c4ccccc4[n+]3[B-](F)(F)O2)c1,2.862615207,22,1,1,0,2,23,12.67321094,3.118782016
CN(C)c1ccc(/C=C/c2cc[n+](CCC[n+]3ccc(/C=C/c4ccc(N(C)C)cc4)cc3)cc2)cc1,2.561603318,33,4,0,0,0,26,19.77624016,2.881597126
O=C1c2ccccc2-c2c(-c3cc(Cl)ccc3O)[nH]c(=O)n21,3.145253165,16,2,3,0,1,19,15.10556457,3.487811454
Cc1c2c(c(C)c3ccccc13)-c1cc3nc4ccccc4nc3cc1-2,2.773158482,24,2,0,0,0,27,19.77624016,3.296497126
CCCCCCOc1cc(N(CC)CC)ccc1/C=C(\C#N)c1ccc(/C=C/C(=C(C#N)C#N)c2ccc3c(c2)c2ccccc2n3CC)s1,2.179605263,43,5,1,1,0,32,19.77624016,2.420597126
CCN(CC)c1ccc2cc(-c3cn4ccccc4n3)c(=O)oc2c1,3.052518428,20,3,2,0,0,22,18.65501342,3.43829051
Cc1c2c(c(C)c3ccccc13)C1=C2C=CC2Nc3ccccc3NC12,2.842963387,24,2,0,0,0,19,19.77624016,3.296497126
COc1ccc(OC)c(C=O)c1,3.529474432,9,0,3,0,0,7,12.70782812,3.719397469
COc1ccc(O[B-]2(Oc3ccc(OC)cc3)n3c(C)cc(C)c3C(c3ccc(I)cc3)=C3C(C)=CC(C)=[N+]32)cc1,2.450443787,33,2,4,0,1,26,19.77624016,2.881597126
F[B-]1(F)OC(c2cccc(Br)c2)=Cc2c3ccccc3c3ccccc3[n+]21,2.875868056,21,1,1,0,3,23,12.74446126,3.167589528
O=c1cc2c(-c3c(O)c4cccc5ccc6oc(=O)cc3c6c54)c(O)c3cccc4ccc(o1)c2c43,2.55632716,30,0,6,0,0,40,18.47408251,2.970415136
O=c1[nH]c(=O)c2nc3ccccc3nc2[nH]1,3.339717742,10,4,2,0,0,18,11.41439387,3.624146967
F[B-]1(F)n2c(Oc3ccccc3)c(Cl)c3c2C(=C2C(Br)=C(Cl)C(Oc4ccccc4)=[N+]21)Oc1ccccc1-3,2.632150424,27,2,3,0,5,26,13.06211086,2.903060213
CC(=O)Nc1ccc2c3c(cccc13)C(=O)c1ccccc1-2,2.965549125,19,1,2,0,0,19,14.02158964,3.308320406
Cc1ccc2sc3cc(CCC(=O)O)ccc3c(=O)c2c1,3.09819202,17,0,3,1,0,18,12.29655573,3.334969118
CCCCNc1ccc2c3c(cccc13)C(=O)N(c1ccc(O)cc1)C2=O,2.902745327,22,2,3,0,0,19,18.03773022,3.322633748
Clc1cnc2nn3ccccc3c2c1,3.330764075,10,3,0,0,1,15,11.40233054,3.623688561
CN(C)CCNc1ccc2c3c(cccc13)C(=O)N(c1ccc(O)cc1)C2=O,2.889244186,22,3,3,0,0,19,18.29259055,3.332318441
O=Cc1cc(N2CCCCC2)c2ccc3c(N4CCCCC4)cc(N4CCCCC4)c4ccc1c2c43,2.666040773,32,3,1,0,0,20,19.77624016,2.927697126
COc1ccc2c(c1)c(C#N)cc1c(OC)c(OC)c3cc(C#N)c4cc(OC)ccc4c3c12,2.637738854,28,2,4,0,0,28,19.77624016,3.112097126
CCCCCCCCC(CCCCCCCC)n1c2cc(C)ccc2c2ccc(-c3cc(/C=C/c4ccc(C=C5C(=O)N(CC)C(=S)N(CC)C5=O)s4)c(C)s3)cc21,1.94,50,3,2,3,0,30,19.77624016,2.097897126
COC(=O)c1cc(=O)n(C)c2cc(-c3ccc4c(c3)OCO4)sc12,3.075185644,17,1,5,1,0,18,12.08613903,3.326973283
CN(C)c1ccc2c(c1)C(=O)NC2=O,3.348719677,10,2,2,0,0,8,12.84000759,3.678320288
CCCCCCCCCCC(CCCCCCCCCC)n1c2cc(C)ccc2c2ccc(-c3ccc(-c4ccc(-c5ccc(C)s5)c5nsnc45)s3)cc21,2.02,49,3,0,3,0,35,19.77624016,2.143997126
CCCCCn1c2ccc(S(=O)(=O)Cl)cc2c(=O)c2cc(S(=O)(=O)Cl)ccc21,3.060036946,18,1,5,2,2,21,12.8435158,3.309653601
F[B-]1(F)n2cccc2C(c2c3ccccc3c(-c3ccccc3)c3ccccc23)=C2C=CC=[N+]21,2.455286561,29,2,0,0,2,30,17.69747197,2.987003935
CCOC(=O)c1c(N)sc(/N=C/c2cccs2)c1C(=O)OCC,3.1059375,15,2,4,2,0,13,11.72777248,3.405555354
[O-][n+]1c(/C=C/c2cccs2)nc(N2CCOCC2)c2c1CCCC2,3.1059375,18,3,2,1,0,12,14.49336978,3.372348052
CCN(CC)c1ccc2cc(C#N)/c(=N\C(=O)c3ccccc3)oc2c1,2.889244186,21,3,2,0,0,20,19.77624016,3.434797126
C1=Cc2nc1c(-c1ccccc1)c1ccc([nH]1)c(-c1ccccc1)c1nc(c(-c3ccccc3)c3ccc([nH]3)c2-c2ccccc2)C=C1,1.923181115,44,4,0,0,0,48,19.77624016,2.374497126
COc1ccc(O)c(C=O)c1,3.413118132,8,0,3,0,0,7,12.21557762,3.74679195
CCOC(CN1C(=O)C2=C(c3cc4cc(C(C)(C)C)cc(C(C)(C)C)c4o3)N(CC(OCC)OCC)C(=O)C2=C1c1cc2cc(C(C)(C)C)cc(C(C)(C)C)c2o1)OCC,2.142025862,50,2,8,0,0,24,19.77624016,2.097897126
CN(C)c1ccc(/C=C/C(=C(C#N)C#N)c2ccc3c4c(cccc24)CC3)cc1,2.551078029,26,3,0,0,0,21,19.77624016,3.204297126
CC(C)[Si](C#Cc1c2nc3ccccc3nc2c(C#C[Si](C(C)C)(C(C)C)C(C)C)c2nc3c4ccccc4c(=O)c4ccccc4c3nc12)(C(C)C)C(C)C,2.060323383,49,4,1,0,0,40,19.77624016,2.143997126
C[Si](C)(C)C#CC(C#C[Si](C)(C)C)=Cc1ccc(C=C(C#C[Si](C)(C)C)C#C[Si](C)(C)C)s1,2.71260917,28,0,0,1,0,11,16.70273799,2.995304044
Cc1ccc2nc3[nH]c(=O)[nH]c(=O)c3nc2c1C,3.201997423,12,4,2,0,0,18,12.29655573,3.565469118
O=C1NC(=O)c2ccc3c4ccc5c6c(ccc(c7ccc1c2c73)c64)C(=O)N(c1ccc(Cl)cc1)C5=O,2.361929658,30,2,4,0,1,34,15.95192542,2.874573166
COc1ccc(/C=C/C2=[O+][B-](F)(F)OC(/C=C/c3ccc(OC)c4ccccc34)=C2c2ccccc2)c2ccccc12,2.292204797,35,0,4,0,2,32,19.77624016,2.789397126
CC(C)(C)c1ccc2c(c1)sc1[n+]2[B-](F)(F)n2c(c3cccc4c(Br)ccc2c43)=N1,2.683315335,22,3,0,1,3,25,12.93048324,3.128558363
CC1(C)CC(=O)c2cc(F)c(F)cc2N1,3.366869919,11,1,1,0,2,7,12.80248684,3.6307945
CCCCC(CC)COc1c2cc(-c3sc(C)c4cc5c(cc34)C(=O)N(CC(CC)CCCC)C5=O)sc2c(OCC(CC)CCCC)c2cc(C)sc12,2.05,46,1,4,3,0,26,19.77624016,2.282297126
CCCCCCCCC(CCCCCCCC)n1c2cc(C)ccc2c2ccc(-c3cc(/C=C/c4ccc(C=C(C#N)C#N)s4)c(C)s3)cc21,2.05,45,3,0,2,0,29,19.77624016,2.328397126
CN1C(=CC2=C(O)C(=O)C2=C2C(=O)c3ccccc3C2=O)C(C)(C)c2ccccc21,2.525152439,25,1,4,0,0,18,17.60739264,3.16798092
CCOC(=O)CCCCCn1c2ccc([N+](=O)[O-])cc2c(=O)c2cc3c(cc21)c(=O)c1cc([N+](=O)[O-])ccc1n3CCCCCC(=O)OCC,2.455286561,36,4,10,0,0,32,19.77624016,2.743297126
C[N+]1=c2ccc3c(c2C(C)(C)CC1)Oc1cc2c(cc1C=3c1ccccc1C(=O)O)C(c1ccccc1C(=O)O)=c1ccc3c(c1O2)C(C)(C)CC[N+]=3C,2.013573744,46,2,6,0,0,36,19.77624016,2.282297126
CCCCC(CC)Cc1ccc(-c2c3cc(-c4sc(C)c5c4C(=O)N(CC(CC)CCCC)C5=O)sc3c(-c3ccc(CC(CC)CCCC)[se]3)c3cc(C)sc23)[se]1,1.85,50,1,2,3,0,31,19.77624016,2.097897126
CC1=C2c3ccccc3C(C)=[N+]2[B-](F)(F)n2c(C)c3cc4c(-c5ccccc5)c5c(c(-c6ccccc6)c4cc3c21)-c1cccc2cccc-5c12,1.824339207,46,2,0,0,2,46,19.77624016,2.282297126
CCCCCCCCN1C(=O)c2cc3c(C)sc(-c4cc5c(OCC(CC)CCCC)c6sc(C)cc6c(OCC(CC)CCCC)c5s4)c3cc2C1=O,2.03,46,1,4,3,0,26,19.77624016,2.282297126
CC[N+]1=C(/C=C/c2cc3cc(C(C)(C)C)cc4ccc5cc(C(C)(C)C)cc2c5c43)C(C)(C)c2ccccc21,2.267107664,38,1,0,0,0,27,19.77624016,2.651097126
CCOC(=O)c1c(/N=C/c2cccs2)sc(/N=C/c2cccs2)c1C(=O)OCC,2.823579545,20,2,4,3,0,19,12.1048197,3.189383149
CC1=C(c2ccccc2)C(C)=[N+]2C1=C(c1c(-c3ccccn3)nc3ccccn13)c1c(C)cc(C)n1[B-]2(F)F,2.335291353,31,5,0,0,2,30,19.77624016,2.973797126
COc1ccc2cc3cccc[n+]3cc2c1,3.060036946,14,1,1,0,0,16,13.14223547,3.505404948
COC(=O)c1ccc(C2=C(/C=C/c3ccc(OC)cc3)O[B-](F)(F)[O+]=C2/C=C/c2ccc(OC)cc2)cc1,2.450443787,29,0,6,0,2,23,17.08229309,2.963627137
CCCCCCc1cc2c(=S)c3cc(CCCCCC)cc4c(=S)c5cc(CCCCCC)cc6c(=S)c(c1)c2n(c34)c65,2.171984266,39,1,0,3,0,30,19.77624016,2.604997126
COc1ccc(-c2c3cc4ccccc4cc3c(C#Cc3ccccc3)c3cc4cc(C)sc4cc23)cc1,2.142025862,36,0,1,1,0,38,19.77624016,2.743297126
CCCCCC(=O)c1c2c(c(C(=O)CCCCC)c3c1OC1(CCCC1)O3)OC1(CCCC1)O2,2.856034483,28,0,6,0,0,8,19.77624016,3.112097126
F[B-]1(F)n2c(nc3c4ccccc4c4ccccc4c32)-c2ccc3ccccc3[n+]21,2.610031513,24,3,0,0,2,31,12.86699003,3.033945621
O=C([O-])c1cc(N2C(=O)C=CC2=O)ccc1-c1c2cc(F)c(=O)cc-2oc2cc([O-])c(F)cc12,2.520030426,24,1,7,0,2,26,15.95949975,3.151460991
CC[N+](CC)=c1ccc2c(-c3ccccc3C(=O)O)c3cc4c(-c5ccccc5C(=O)O)c5ccc(=[N+](CC)CC)cc-5oc4cc3oc-2c1,2.077550167,42,2,6,0,0,40,19.77624016,2.466697126
CC(C)(C)OC(=O)CN1CCN(c2ccc3c(-c4ccc(I)cc4)c4ccc(=[N+]5CCN(CC(=O)OC(C)(C)C)CC5)cc-4oc3c2)CC1,2.202792553,39,4,5,0,1,24,19.77624016,2.604997126
CCOC(=O)/C=C/C1=C(c2ccc(C)cc2)C2=Nc3c(-c4ccc(C)cc4)c(-c4ccc(OC)cc4)c(-c4ccc(C)cc4)n3[B-](F)(F)[N+]2=C1c1ccc(C)cc1,1.84602526,48,3,3,0,2,40,19.77624016,2.190097126
CC(C)[Si](C#Cc1c2nsnc2c(C#C[Si](C(C)C)(C(C)C)C(C)C)c2nc3c(nc12)Cc1ccccc1-3)(C(C)C)C(C)C,2.300694444,37,4,0,1,0,23,19.77624016,2.697197126
F[B-]1(F)n2c(c3cccc4cccc2c43)=Nc2cccc[n+]21,2.836472603,16,3,0,0,2,21,12.15914071,3.375847347
CCC1=C(C)C(=O)n2c1cc1c(C)c(CCC(=O)O)c(C)n1c2=O,2.951009501,18,2,4,0,0,14,17.29890064,3.478958224
CC(C)(C)NC1=C2C=CC=[N+]2[B-](F)(F)n2cccc21,3.060036946,13,3,0,0,2,8,12.51368887,3.527620177
CCCCOC(=O)/C(C#N)=C1\C(=O)C([O-])=C1C=C1N(C)c2ccccc2C1(C)C,2.689123377,23,2,4,0,0,12,16.73562714,3.227053831
CCCCC(CC)COc1c2cc(-c3sc(C)c4c3S(=O)(=O)N(CC(CC)CCCC)C4=O)sc2c(OCC(CC)CCCC)c2cc(C)sc12,2.12,41,1,5,4,0,22,19.77624016,2.512797126
Cc1nc2c(ccc3ccc(N(C)C)cc32)oc1=O,2.916373239,15,2,2,0,0,17,13.93360306,3.489376916
CCOC(=O)CCCCCn1c2ccc(C)cc2c(=O)c2cc3c(cc21)c(=O)c1cc(C)ccc1n3CCCCCC(=O)OCC,2.300694444,38,2,6,0,0,30,19.77624016,2.651097126
N#CSc1ccc2n1[B-](F)(F)[N+]1=C(N3CCOCC3)C=CC1=C2c1ccccc1,2.71260917,20,4,1,1,2,15,12.24427631,3.1946825
CC1=CC(C)=[N+]2C1=C(c1ccc(I)cc1)c1c(C)cc(C)n1[B-]21Oc2ccccc2O1,2.436029412,25,2,2,0,1,20,14.59877729,3.053653537
COC(=O)/C(C#N)=c1\s/c(=c2/s/c(=C(/C#N)C(=O)OC)c3cc(-c4ccc(C(F)(F)F)cc4)sc23)c2sc(-c3ccc(C(F)(F)F)cc3)cc12,2.084521812,34,2,4,4,6,37,12.97032891,2.576872499
CCCCCCc1ccc2c(c1)C(=O)c1c(C)sc(-c3cc4c(s3)-c3sc(C)cc3[Si]4(C(CC)CCCCC)C(CC)CCCCC)c1C2=O,1.96,44,0,2,3,0,23,18.47408251,2.325015136
CCCCCCCCOc1ccc2c(c1)C(=O)c1c(C)sc(-c3cc4c(OCC(CC)CCCC)c5sc(C)cc5c(OCC(CC)CCCC)c4s3)c1C2=O,1.9,48,0,5,3,0,27,19.77624016,2.190097126
CN1/C(=C/C2=C([O-])C(=O)C2=C2C(=O)NC(=O)NC2=O)C(C)(C)c2ccccc21,2.718544858,20,3,5,0,0,13,14.10469844,3.265378541
CCCCCCCCCCOc1c(C)ccc2c(OCCCCCCCCCC)c(-c3ccc(/C=C(\C#N)c4ccc(C)s4)s3)ccc12,2.02,43,1,2,2,0,23,19.77624016,2.420597126
CCOC(=O)CCCCCn1c2ccc(F)cc2c(=O)c2cc3c(cc21)c(=O)c1cc(F)ccc1n3CCCCCC(=O)OCC,2.300694444,36,2,6,0,2,30,19.77624016,2.743297126
CCOC(=O)c1sc2nc3c(c(C#N)c2c1N)CCCC3,2.958035714,15,3,2,1,0,12,12.48674263,3.43439622
CC(C)(C)OC(=O)NCCn1cc(COc2ccc(-c3cc(-c4ccccc4)c4n3[B-](F)(F)[N+]3=C(c5ccc(OCCCS(=O)(=O)[O-])cc5)C=C(c5ccccc5)C3=N4)cc2)nn1,1.795339595,45,7,7,1,2,40,19.77624016,2.328397126
CN1C(=CC2=C([O-])C(=O)C2=C(C#N)C#N)C(C)(C)c2ccccc21,2.700815217,19,3,2,0,0,12,12.0627869,3.233885902
CCOC(=O)COc1ccc(/C=C/C2=C3c4ccccc4C(c4[nH]c(C)cc4C)=[N+]3[B-](F)(F)n3c(/C=C/c4ccc(OCC(=O)OCC)cc4)cc(C)c32)cc1,1.84328635,44,3,6,0,2,34,19.77624016,2.374497126
COc1cc(OC)cc(C2=C3C(C)=C(I)C(/C=C/c4c[nH]c5ccccc45)=[N+]3[B-](F)(F)n3c(/C=C/c4c[nH]c5ccccc45)c(I)c(C)c32)c1,1.769764957,39,4,2,0,4,36,17.43145314,2.515895219
Cc1ccc(/C2=c3\cc/c(o3)=C(\c3ccc(C)cc3)c3ccc([nH]3)-c3ccc4n3[B-](F)(F)[N+]3=C(C=CC3=C4c3ccc[nH]3)c3ccc2[nH]3)cc1,1.732740586,41,5,1,0,2,42,19.77624016,2.512797126
C#CCOc1ccc(/C=C/C2=[N+]3C(=C(c4ccc(N(CC)CC)cc4)c4c(C)cc(C)n4[B-]3(F)F)C(C)=C2)cc1,2.18727993,33,3,1,0,2,22,17.13705618,2.781308135
Cc1ccc(/C2=c3\cc/c(o3)=C(\c3ccc(C)cc3)c3ccc([nH]3)-c3ccc4n3[B-](F)(F)[N+]3=C(C=CC3=C4c3ccco3)c3ccc2[nH]3)cc1,1.720740997,41,4,2,0,2,42,19.77624016,2.512797126
Cc1ccc(/C2=c3\cc/c(o3)=C(\c3ccc(C)cc3)c3ccc([nH]3)-c3ccc4n3[P-](=O)(=O)[N+]3=C(C=CC3=C4c3ccc[nH]3)c3ccc2[nH]3)cc1,1.718360996,41,5,3,0,0,44,19.77624016,2.512797126
CCOC(=O)/C(=C1\C(=O)C(O)=C1C=C1N(C)c2ccccc2C1(C)C)[N+](=O)[O-],2.615526316,20,2,6,0,0,12,16.31301097,3.349294417
CCCCCCCCCCC(CCCCCCCC)CN1C(=O)c2nc3c(nc2C1=O)c1sc(-c2ccc(-c4ccc(-c5ccc(C)s5)c5nsnc45)s2)cc1c1cc(C)sc13,1.6,50,5,2,5,0,41,19.77624016,2.097897126
CSc1sc(C(C)=O)c2nn[nH]c(=O)c12,3.102059925,8,3,2,2,0,12,11.73504903,3.728531863
COc1c2ccccc2c(OC)c2c(C#Cc3ccccc3)c3cc4sccc4cc3c(C#Cc3ccccc3)c12,1.893864329,38,0,2,1,0,39,19.77624016,2.651097126
C/N=N/C,3.654044118,2,2,0,0,0,1,17.52226836,4.225046198
C/C=C/c1sc(/C=C/c2nc3cc4oc(C)nc4cc3o2)c(CCCCCCCCCCCC)c1CCCCCCCCCCCC,2.04,42,2,2,1,0,21,19.77624016,2.466697126
CCn1c2ccccc2sc2c(C#N)c3[nH]c4ccccc4sc3c(C#N)c21,2.509848485,22,4,0,2,0,28,12.23887493,3.102277247
CC(C)(C)c1ccc(C2=CC(c3ccccc3)=[N+]3C2=Nc2c(-c4ccc(C(C)(C)C)cc4)cc(-c4ccccc4)n2[B-]3(F)F)cc1,1.890981735,40,3,0,0,2,32,19.77624016,2.558897126
COC(=O)COc1ccc(/C=C/C2=[N+]3C(=C(c4ccc(N(C)C)cc4)c4c(C)cc(C)n4[B-]3(F)F)C(C)=C2)cc1,2.195008834,31,3,3,0,2,22,19.77624016,2.973797126
CCN(CC)c1ccc2c(c1)C(C)(C)C(=O)C=C2,2.895979021,16,1,1,0,0,8,13.85711589,3.440370404
CCCCCCCCC(CCCCCCCC)n1c2cc(C)ccc2c2ccc(-c3ccc(-c4ccc(-c5ccc(C)s5)c5n[se]nc45)s3)cc21,1.73,45,3,0,2,0,35,18.84049642,2.292838864
CCN(CC)c1ccc(C2=C3C(C)=CC(/C=C/c4ccc(OCCCN=[N+]=[N-])cc4)=[N+]3[B-](F)(F)n3c(C)cc(C)c32)cc1,2.179605263,33,6,1,0,2,23,19.77624016,2.881597126
F[B-]1(F)n2cccc2C(c2ccccc2)=C2C=CC(N3CCOCC3)=[N+]21,2.59368476,19,3,1,0,2,14,12.65096696,3.256236744
CNc1cc2nc3cc(Cl)c(Cl)cc3nc2cc1NC,2.810803167,14,4,0,0,2,16,12.21396436,3.470130646
Nc1nc2ccccc2[n+]([O-])n1,3.052518428,7,4,1,0,0,11,11.2813519,3.757391372
CCCCCCc1cc(-c2nnc(-c3cc(CCCCCC)c(-c4cc5c(s4)-c4sc(C)cc4C5(CCCCCC)CCCCCC)s3)nn2)sc1C,1.86,45,4,0,4,0,26,19.77624016,2.328397126
CC1=[N+]2C(=C(c3ccccc3)c3c4c(c(C)n3[B-]2(F)F)C2CCC4CC2)C2=C1C1CCC2CC1,2.361929658,29,2,0,0,2,14,15.75264664,2.913100572
CC1=CC(/C=C/c2ccc(C)cc2)=[N+]2C1=C(c1ccccc1)c1c(C)cc(/C=C/c3ccc(C)cc3)n1[B-]2(F)F,1.968898574,35,2,0,0,2,28,19.77624016,2.789397126
O=[N+]([O-])c1ccc(O)cc1,3.09819202,6,1,3,0,0,7,11.76861711,3.82200745
CN(C)c1ccc2c(-c3ccc(C(=O)[O-])cc3C(=O)[O-])c3ccc(=[N+](C)C)cc-3oc2c1,2.300694444,25,2,5,0,0,24,19.77624016,3.250397126
CCCCC(CC)C[Si]1(C[C@@H](CC)CCCC)c2cc(C)sc2-c2sc(-c3cc4c(=O)n(C[C@@H](CC)CCCC)c(=O)c5cc(C)sc5c4s3)cc21,1.77,44,1,2,4,0,27,19.77624016,2.374497126
Cc1ccccc1C1=C2C=c3c(oc4ccc(F)cc34)=[N+]2[B-](F)(F)n2c1cc1c3cc(F)ccc3oc12,2.162532637,28,2,2,0,4,33,13.39069383,2.869446366
CN(C)c1ccc2cc3c(cc2c1)OCCN=C3,2.724506579,15,2,1,0,0,12,14.5570278,3.513067056
CCCCCCc1cc2c(s1)C(=O)c1c(C)sc(-c3cc4c(s3)-c3sc(C)cc3[Si]4(CC(CC)CCCC)CC(CC)CCCC)c1C2=O,1.86,42,0,2,4,0,22,19.77624016,2.466697126
CCN(C(C)=O)c1cc2c(cc1C)C(c1ccccc1C(=O)O)=C1CCCC(/C=C/C3=[N+](C)c4ccccc4C3(C)C)=C1O2,1.893864329,38,2,4,0,0,24,19.77624016,2.651097126
CO[B-]1(OC)n2c(C)cc(C)c2C(c2ccc(I)cc2)=C2C(C)=CC(C)=[N+]21,2.460148515,21,2,2,0,1,14,13.83226046,3.208925897
CCN(CC)c1ccc2cc(/C=C/C3=CC(/C=C/c4cc5ccc(N(CC)CC)cc5oc4=O)=[O+][B-](F)(F)O3)c(=O)oc2c1,2.077550167,33,2,6,0,2,28,19.77624016,2.881597126
CCCC1=Cc2nc1ccc1[nH]c(cc1CCC)c1nc(c(OC(=O)CCCNC(=O)OC(C)(C)C)cc3[nH]c2cc3CCC)C(CCC)=C1,1.926162791,41,5,4,0,0,26,19.77624016,2.512797126
CN(C)c1ccc2c(-c3cc(N)ccc3C(=O)[O-])c3ccc(=[N+](C)C)cc-3oc2c1,2.292204797,24,3,3,0,0,23,19.77624016,3.296497126
CCCCC(CC)COc1c2cc(-c3cc(/C=C(\C#N)c4cccs4)c(C)s3)sc2c(OCC(CC)CCCC)c2cc(C)sc12,1.9,39,1,2,4,0,26,19.77624016,2.604997126
F[B-]1(F)n2c(-c3ccccc3)cc(-c3ccccc3)c2N=C2C(c3ccccc3)=CC(c3ccccc3)=[N+]21,1.911346154,32,3,0,0,2,32,16.14545408,2.789727255
COc1ccc(C2=[N+]3C(=Nc4c(-c5ccccc5)c5c(n4[B-]3(F)F)-c3ccc(OC)cc3CC5)C(c3ccccc3)=C2)cc1,1.754766949,36,3,2,0,2,32,19.77624016,2.743297126
O=P12n3c4c5ccccc5c3/N=C3\N=C(/N=c5/c6ccccc6c(n51)=c1c5ccccc5c(n12)=N4)c1ccccc13,1.899655963,32,7,1,0,0,42,17.86376267,2.855022982
O=[N+]([O-])c1ccccc1O,3.022810219,6,1,3,0,0,7,12.03751669,3.832225634
COc1ccc2nc(N)n[n+]([O-])c2c1,2.889244186,8,4,2,0,0,11,11.57645409,3.722505255
CN1/C(=C/C=C(/C=C/C2=[N+](C)c3ccccc3C2(C)C)c2ccc(C(F)(F)F)cc2)C(C)(C)c2ccccc21,1.932153966,34,2,0,0,3,22,19.77624016,2.835497126
COc1ccc(-c2c3nc(cc4ccc([nH]4)c(-c4ccc(OC)c(OCCCC(=O)O)c4)c4nc(cc5ccc2[nH]5)CC4)CC3)cc1OCCCC(=O)O,1.688009511,42,4,8,0,0,36,19.77624016,2.466697126
c1ccc(-c2c3ccc(=[N+]4CCCCC4)cc-3oc3cc(N4CCCCC4)ccc23)cc1,2.198893805,29,2,1,0,0,22,19.77624016,3.065997126
CCN(CC)c1ccc2c(-c3ccc(S(=O)(=O)O)cc3S(=O)(=O)[O-])c3ccc(=[N+](CC)CC)cc-3oc2c1,2.23448741,27,2,7,2,0,26,17.49967832,3.071687776
CCCCCCCCOc1c2cc(-c3sc(C)c4sc(C(=O)OCC(CC)CCCC)cc34)sc2c(OCCCCCCCC)c2cc(C)sc12,1.72,43,0,4,4,0,24,19.77624016,2.420597126
CCCn1c2cccc3oc4cccc5c4[c+](c32)c2c1cccc2n5CCC,2.230475763,25,2,1,0,0,27,19.77624016,3.250397126
CC1=CC(/C=C/c2ccc(N(C)C)cc2)=[N+]2C1=C(c1ccccc1)c1c(C)cc(/C=C/c3ccc(N(C)C)cc3)n1[B-]2(F)F,1.774821429,37,4,0,0,2,28,19.77624016,2.697197126
C(C1=[NH+]c2cccc3cccc1c23)=c1[nH]c2cccc3cccc1c32,2.230475763,23,2,0,0,0,27,16.51958017,3.218844047
NNC(=O)N1C(=O)c2cc(S(=O)(=O)[O-])cc3c(N)c(S(=O)(=O)[O-])cc(c23)C1=O,2.71260917,13,4,9,2,0,18,13.15173423,3.551865901
CN(C)c1ccc2cc3ccc(N(C)C)cc3nc2c1,2.48475,17,3,0,0,0,16,16.33761357,3.488529316
COc1ccc(C2=c3sc(-c4ccc(OC)cc4)cc3=[N+]3C2=Nc2c(-c4ccc(OC)cc4)c4sc(-c5ccc(OC)cc5)cc4n2[B-]3(F)F)cc1,1.57661802,40,3,4,2,2,41,19.77624016,2.558897126
O=[N+]([O-])c1ccc(O)c(O)c1,2.937056738,6,1,4,0,0,7,12.69198288,3.857095349
CC1(C)C(/C=C/C2=C(Oc3ccc(CCN=C=S)cc3I)/C(=C/C=C3/N(CCCS(=O)(=O)[O-])c4ccccc4C3(C)C)CCC2)=[N+](CCCS(=O)(=O)[O-])c2ccccc21,1.621899478,45,3,7,3,1,29,19.77624016,2.328397126
CCOC(=O)COc1ccc(/C=C/c2c(CC)c(C)c3n2[B-](F)(F)[N+]2=C(c4[nH]c(C)c(CC)c4C)c4ccccc4C2=C3C)cc1,1.835118168,37,3,3,0,2,26,19.77624016,2.697197126
CCCCCCCC[Si]1(CCCCCCCC)c2cc(C)sc2C2SC(c3cc4c(s3)/C(=C3\c5ccc(F)cc5-c5cc(C)sc53)c3ccc(F)cc3-4)=CC21,1.39,48,0,0,4,2,29,18.84049642,2.154538864
O=C(O)C1=C/C(=C/C=[N+]2/c3cc(O)c(C[C@@H]4O[C@H](CO)[C@@H](O)C(O)[C@H]4O)cc3C[C@H]2C(=O)O)C[C@H](C(=O)O)N1,2.317863806,25,2,12,0,0,12,19.77624016,3.250397126
COc1cc2c(cc1OC)C1=C3C(=O)N4C=Cc5cc(OC)c(OC)cc5C4=C3C(=O)N1C=C2,2.095067454,26,2,6,0,0,18,17.19006681,3.106022539
COCCC1=Cc2nc1ccc1[nH]c(cc1CCOC)c1nc(c(NC(=O)CCCC(=O)O)cc3[nH]c2cc3CCOC)C(CCOC)=C1,1.926162791,37,5,7,0,0,26,19.77624016,2.697197126
F[B-]1(F)n2c(ccc2-c2ccccc2)C(C(F)(F)F)=C2C=CC(c3ccccc3)=[N+]21,2.098606419,22,2,0,0,5,20,12.58346104,3.115371519
COc1cccc(-c2c3ccccc3c3n2[B-](F)(F)[N+]2=Cc4c5ccccc5c(-c5cccc(OC)c5)n4[B-](F)(F)[N+]2=C3)c1,2.250679348,32,4,2,0,4,34,13.93693681,2.705803599
CC1(C)C(/C=C/c2cc3ccc(O)cc3oc2=O)=[N+](CCCS(=O)(=O)[O-])c2ccc(S(=O)(=O)O)cc21,2.168193717,24,1,9,2,0,24,13.14116953,3.044364442
CCN(CC)c1ccc(/N=N/c2cc3c(=O)[nH][nH]c(=O)c3cc2[N+](=O)[O-])c(NC(C)=O)c1,2.335291353,20,7,5,0,0,22,17.6476368,3.400010199
CCCCCCCCC(CCCCCCCC)n1c2cc(C)ccc2c2ccc(-c3ccc(-c4nnc(-c5ccc(C)s5)c5nonc45)s3)cc21,1.55,43,5,1,2,0,35,19.77624016,2.420597126
C(/C=C/C1=[NH+]c2cccc3cccc1c23)=c1/[nH]c2cccc3cccc1c32,2.010315534,25,2,0,0,0,28,18.84049642,3.214838864
CCCCC(CC)COc1c2cc(-c3ccc(C)s3)sc2c(OCC(CC)CCCC)c2cc(C)sc12,2.01,32,0,2,3,0,19,19.77624016,2.927697126
CC(C)(C)c1c2ccc3[nH]c4c(ccc5c(C(C)(C)C)c(ccc6[nH]c7c(ccc1c7n2)c6C(C)(C)C)nc54)c3C(C)(C)C,1.626145288,40,4,0,0,0,34,19.77624016,2.558897126
CCCCCCCCN1C(=O)c2c(C)sc(-c3cc4c(s3)-c3sc(C)cc3[Ge]4(CC(CC)CCCC)C[C@@H](CC)CCCC)c2C1=O,1.69,40,1,2,3,0,17,18.84049642,2.523338864
CCc1c(C)[nH]c(C2=[N+]3C(=Cc4c(C)c(CC)c(/C=C/c5ccc(N(C)C)cc5)n4[B-]3(F)F)c3ccccc32)c1C,1.727920723,34,4,0,0,2,25,19.77624016,2.835497126
CC1(C)C(/C=C/C=C/C=C/C=C2/N(CCCCS(=O)(=O)[O-])c3ccc4ccccc4c3C2(C)C)=[N+](CCCCS(=O)(=O)[O-])c2ccc3ccccc3c21,1.568655303,43,2,6,2,0,31,19.77624016,2.420597126
CC1=CC(C)=[N+]2C1=Cc1cccn1[B-]2(F)F,2.520030426,11,2,0,0,2,8,11.63372916,3.586381708
CCCCN1C(=O)C(=C/C=C/C=C/C=C2N(CCCC)c3ccccc3N2CCCC)C(=O)N(CCCC)C1=S,1.832411504,33,4,2,1,0,13,19.77624016,2.881597126
Nc1n[n+]([O-])c2ccccc2[n+]1[O-],2.604559748,7,4,2,0,0,11,11.47439701,3.764727086
COc1ccc(-c2oc3c(c2Br)=[N+]2C(=C(C(F)(F)F)c4cc5oc(-c6ccc(OC)cc6)c(Br)c5n4[B-]2(F)F)C=3)cc1,1.683434959,28,2,4,0,7,29,13.06330699,2.857005666
CN1C(=CC2=C([O-])C(=Cc3sc4ccccc4[n+]3C)C2=C(C#N)C#N)C(C)(C)c2ccccc21,1.797937771,28,4,1,1,0,22,18.03773022,3.046033748
CC1(C)C(/C=C/C=C/C=C/C=C2/N(CCCCCC(=O)O)c3ccc(S(=O)(=O)[O-])cc3C2(C)C)=[N+](CCCCS(=O)(=O)[O-])c2ccc(S(=O)(=O)[O-])cc21,1.658711615,37,2,11,3,0,24,19.77624016,2.697197126
CCC1=C(C)C2=C(C)c3cc(I)c(I)n3[B-](F)(F)[N+]2=C1C,2.335291353,14,2,0,0,4,8,17.3070325,3.663667235
CN(C)c1ccc2c(c1)[Si](C)(C)C1=CC(=[N+](C)C)C=CC1=C2,1.959582019,19,2,0,0,0,10,11.98061686,3.230763441
S=C1CCCCC1,2.509848485,6,0,0,1,0,1,13.79967811,3.899187768